Device Name,Date,Temperature (DegC),,Flow Rate (USGPM),TR
,,CHWR,CHWS,Flow,Load
BTU-1,2/17/2017 23:55,21.8,18.69,96,22
BTU-2,2/17/2017 23:55,23.35,18.79,86.1,29
BTU-3,2/17/2017 23:50,22.83,19.57,93.5,22.5
BTU-4,2/17/2017 23:50,23.32,19.45,81.5,23.2
BTU-5,2/17/2017 23:45,22.79,19.4,98,24.5
BTU-6,2/17/2017 23:45,22.97,19.6,85.3,22.5
BTU-7,2/17/2017 23:40,21.51,19.45,100.8,15.3
BTU-8,2/17/2017 23:40,22.5,19.51,86.1,19
BTU-9,2/17/2017 23:35,22.54,19.04,134.5,34.7
BTU-10,2/17/2017 23:35,23.43,18.69,115.7,40.4
BTU-11,2/17/2017 23:30,22.74,19.45,--,22.9
BTU-12,2/17/2017 23:30,23.45,19.6,82.8,23.5
BTU-13,2/17/2017 23:25,22.6,19.77,94.2,19.6
BTU-14,2/17/2017 23:25,23.07,19.75,82.3,20.1
BTU-15,2/17/2017 23:20,22.28,18.86,93.8,23.6
BTU-16,2/17/2017 23:20,23.19,19,82,25.3
BTU-17,2/17/2017 23:15,22.45,19.25,93.1,22
BTU-18,2/17/2017 23:15,23.14,19.21,82.8,23.9
BTU-19,2/17/2017 23:10,22.81,18.78,95.5,28.3
BTU-20,2/17/2017 23:10,23.51,18.79,82,28.5
BTU-21,2/17/2017 23:05,22.97,19.6,94.3,23.4
BTU-22,2/17/2017 23:05,23.54,19.61,82.5,--
BTU-23,2/17/2017 23:00,22.88,19.77,93.4,21.4
BTU-24,2/17/2017 23:00,--,19.66,82.4,21
BTU-25,2/17/2017 22:55,22.31,18.92,96,24
BTU-26,2/17/2017 22:55,23.11,19.07,84.6,25.2
BTU-27,2/17/2017 22:50,22.43,18.86,95.4,25.1
BTU-28,2/17/2017 22:50,23.55,19.02,85,28.4
BTU-29,2/17/2017 22:45,23.21,19.67,97.7,25.5
BTU-30,2/17/2017 22:45,23.51,19.7,85.6,24
BTU-31,2/17/2017 22:40,21.57,20.14,100.1,10.5
BTU-32,2/17/2017 22:40,23.02,20.24,86,17.6
BTU-33,2/17/2017 22:35,22.44,19.5,96.3,20.8
BTU-34,2/17/2017 22:35,23.24,19.43,82.5,23.2
BTU-35,2/17/2017 22:30,22.98,18.87,94.1,28.4
BTU-36,2/17/2017 22:30,23.63,19.01,83.1,28.3
BTU-37,2/17/2017 22:25,22.99,19.62,94.2,23.3
BTU-38,2/17/2017 22:25,23.44,19.71,82.8,22.7
BTU-39,2/17/2017 22:20,22.48,19.9,95.7,18.2
BTU-40,2/17/2017 22:20,23.11,19.89,83.1,19.7
BTU-41,2/17/2017 22:15,22.28,18.91,96.1,23.9
BTU-42,2/17/2017 22:15,23.27,19.06,83.7,26
BTU-43,2/17/2017 22:10,22.54,19.04,96.3,24.8
BTU-44,2/17/2017 22:10,23.37,19.14,82.2,25.6
BTU-45,2/17/2017 22:05,22.52,19.25,95.4,23
BTU-46,2/17/2017 22:05,23.4,19.39,82,24.2
BTU-47,2/17/2017 22:00,22.45,19.24,96.7,22.9
BTU-48,2/17/2017 22:00,23.2,19.34,82.3,23.4
BTU-49,2/17/2017 21:55,22.6,19.17,94.6,23.9
BTU-50,2/17/2017 21:55,23.63,19.15,83.2,27.5
BTU-51,2/17/2017 21:50,22.83,19.69,92.3,21.3
BTU-52,2/17/2017 21:50,23.53,19.82,82.5,22.5
BTU-53,2/17/2017 21:45,22.52,20,92.7,17.2
BTU-54,2/17/2017 21:45,23.07,19.98,81.9,18.6
BTU-55,2/17/2017 21:40,22.39,19.06,94.5,23.2
BTU-56,2/17/2017 21:40,23.16,18.95,83.7,25.9
BTU-57,2/17/2017 21:35,22.59,19.25,94.9,23.4
BTU-58,2/17/2017 21:35,23.18,19.19,82.5,24.3
BTU-59,2/17/2017 21:30,22.49,19.24,94.2,22.5
BTU-60,2/17/2017 21:30,23.2,19.32,82,23.4
BTU-61,2/17/2017 21:25,22.46,19.23,96.8,23.1
BTU-62,2/17/2017 21:25,23.16,19.31,83.2,23.6
BTU-63,2/17/2017 21:20,22.31,19.17,95.4,22.1
BTU-64,2/17/2017 21:20,23.44,19.26,83,25.6
BTU-65,2/17/2017 21:15,22.83,19.65,95.5,22.4
BTU-66,2/17/2017 21:15,22.88,19.61,82.7,19.9
BTU-67,2/17/2017 21:10,21.81,19.15,111.5,21.8
BTU-68,2/17/2017 21:10,22.5,19.16,99,24.3
BTU-69,2/17/2017 21:05,21.69,18.81,110.7,23.5
BTU-70,2/17/2017 21:05,22.53,18.79,97.9,27
BTU-71,2/17/2017 21:00,21.72,18.79,111.9,24.1
BTU-72,2/17/2017 21:00,22.64,18.84,96.9,27.1
BTU-73,2/17/2017 20:55,21.85,18.85,111.7,24.7
BTU-74,2/17/2017 20:55,22.64,18.96,98.1,26.5
BTU-75,2/17/2017 20:50,21.6,19.03,110,20.8
BTU-76,2/17/2017 20:50,22.47,19.08,97.8,24.4
BTU-77,2/17/2017 20:45,21.51,19,132.1,24.4
BTU-78,2/17/2017 20:45,22.49,19.1,115.4,28.8
BTU-79,2/17/2017 20:40,21.78,19.21,132,24.9
BTU-80,2/17/2017 20:40,22.53,19.29,116.6,27.8
BTU-81,2/17/2017 20:35,21.11,19.06,127.8,19.3
BTU-82,2/17/2017 20:35,23.19,19.03,111.5,34.2
BTU-83,2/17/2017 20:30,22.84,18.84,94.2,27.8
BTU-84,2/17/2017 20:30,23.36,19.03,82,26.2
BTU-85,2/17/2017 20:25,22.08,19.68,97.4,17.2
BTU-86,2/17/2017 20:25,22.85,19.79,84.7,19.1
BTU-87,2/17/2017 20:20,21.69,19.28,134.6,23.9
BTU-88,2/17/2017 20:20,22.54,19.35,117.3,27.6
BTU-89,2/17/2017 20:15,22.82,18.4,123.3,40.2
BTU-90,2/17/2017 20:15,23.3,18.37,107.3,39
BTU-91,2/17/2017 20:10,22.64,19.26,95.5,23.8
BTU-92,2/17/2017 20:10,23.71,19.29,83.1,27
BTU-93,2/17/2017 20:05,23.25,20.37,94.1,19.9
BTU-94,2/17/2017 20:05,22.93,20.34,82.7,15.8
BTU-95,2/17/2017 20:00,21.79,19.26,133.8,24.5
BTU-96,2/17/2017 20:00,22.61,19.43,115.5,27.1
BTU-97,2/17/2017 19:55,21.62,19.16,131.9,23.9
BTU-98,2/17/2017 19:55,22.48,19.4,115.8,26.3
BTU-99,2/17/2017 19:50,21.72,19.04,129.2,25.4
BTU-100,2/17/2017 19:50,22.57,19.19,116.4,29
BTU-101,2/17/2017 19:45,21.89,19.1,96.4,19.8
BTU-102,2/17/2017 19:40,21.42,19.04,130.9,22.9
BTU-103,2/17/2017 19:40,22.22,18.93,116.9,28.3
BTU-104,2/17/2017 19:35,21.45,18.71,133.4,26.8
BTU-105,2/17/2017 19:35,22.49,18.71,116.5,32.4
BTU-106,2/17/2017 19:30,21.69,18.84,132,27.7
BTU-107,2/17/2017 19:30,22.49,19.26,115,27.4
BTU-108,2/17/2017 19:25,21.24,18.96,125.9,21
BTU-109,2/17/2017 19:25,22.74,18.84,110.1,31.6
BTU-110,2/17/2017 19:20,22.17,18.74,97.2,24.6
BTU-111,2/17/2017 19:20,23,18.69,85.3,27.1
BTU-112,2/17/2017 19:15,22.42,19.81,100.1,19.2
BTU-113,2/17/2017 19:15,22.84,19.78,87.2,19.7
BTU-114,2/17/2017 19:10,21.83,19.12,131.9,26.3
BTU-115,2/17/2017 19:10,22.66,19.49,115.9,27.1
BTU-116,2/17/2017 19:05,21.74,19,96.1,19.4
BTU-117,2/17/2017 19:05,23.19,18.79,84.7,27.5
BTU-118,2/17/2017 19:00,23,19.46,93.7,24.4
BTU-119,2/17/2017 19:00,23.32,19.49,83.8,23.6
BTU-120,2/17/2017 18:55,--,--,--,--
BTU-121,2/17/2017 18:55,--,--,--,--
BTU-122,2/17/2017 18:50,21.87,19.2,136,26.8
BTU-123,2/17/2017 18:50,22.71,19.17,115.4,30.1
BTU-124,2/17/2017 18:45,21.63,19.19,109,19.6
BTU-125,2/17/2017 18:45,23.11,19.35,96.8,26.8
BTU-126,2/17/2017 18:40,22.3,19,127.3,31
BTU-127,2/17/2017 18:35,23.23,19.16,94.8,28.4
BTU-128,2/17/2017 18:35,23.55,19.09,81.5,26.8
BTU-129,2/17/2017 18:30,22.51,19.44,99.1,22.4
BTU-130,2/17/2017 18:30,22.95,19.6,85.3,21
BTU-131,2/17/2017 18:25,21.84,19.24,134.2,25.7
BTU-132,2/17/2017 18:25,22.55,19.29,117.4,28.1
BTU-133,2/17/2017 18:20,22.43,18.42,94.3,27.9
BTU-134,2/17/2017 18:20,23.43,18.48,83.9,30.6
BTU-135,2/17/2017 18:15,22.94,19.21,93.6,25.7
BTU-136,2/17/2017 18:15,22.98,19.42,82.5,21.6
BTU-137,2/17/2017 18:10,22.16,19.2,110,23.9
BTU-138,2/17/2017 18:10,22.92,19.2,97.1,26.6
BTU-139,2/17/2017 18:05,21.87,19.15,110.9,22.2
BTU-140,2/17/2017 18:05,22.57,19.18,98,24.5
BTU-141,2/17/2017 18:00,21.59,18.92,127,25
BTU-142,2/17/2017 18:00,22.63,19.07,115.7,30.4
BTU-143,2/17/2017 17:55,21.86,19.09,134.9,27.5
BTU-144,2/17/2017 17:55,22.68,19.23,115.4,29.4
BTU-145,2/17/2017 17:50,21.55,18.95,130.7,24.9
BTU-146,2/17/2017 17:50,22.74,19.18,113.9,29.9
BTU-147,2/17/2017 17:45,22.58,19.19,94,23.5
BTU-148,2/17/2017 17:45,23.35,19.21,82.1,25
BTU-149,2/17/2017 17:40,22.74,18.84,95,27.3
BTU-150,2/17/2017 17:40,23.4,18.9,82.3,27.3
BTU-151,2/17/2017 17:35,22.38,19.1,94.5,22.8
BTU-152,2/17/2017 17:35,23.39,19.24,83,25.4
BTU-153,2/17/2017 17:30,22.66,19.23,110.6,28
BTU-154,2/17/2017 17:30,23.19,19.2,98.6,28.9
BTU-155,2/17/2017 17:25,22.51,19.04,95.6,24.4
BTU-156,2/17/2017 17:25,23.33,19.02,82.3,26.1
BTU-157,2/17/2017 17:20,--,--,--,--
BTU-158,2/17/2017 17:20,--,--,--,--
BTU-159,2/17/2017 17:15,22.52,19.04,95.7,24.5
BTU-160,2/17/2017 17:15,23.42,19.11,83.6,26.6
BTU-161,2/17/2017 17:10,22.8,19.52,94.8,22.9
BTU-162,2/17/2017 17:10,23.31,19.43,82.6,23.6
BTU-163,2/17/2017 17:05,22.06,18.79,95.9,23
BTU-164,2/17/2017 17:05,22.98,18.99,81.9,24.1
BTU-165,2/17/2017 17:00,21.79,19.19,134.5,25.8
BTU-166,2/17/2017 17:00,22.64,19.19,116.5,29.6
BTU-167,2/17/2017 16:55,21.64,18.91,133,26.7
BTU-168,2/17/2017 16:55,22.64,19.16,118.3,30.3
BTU-169,2/17/2017 16:50,21.65,19.04,132.1,25.4
BTU-170,2/17/2017 16:50,22.64,19.2,118,29.8
BTU-171,2/17/2017 16:45,22.64,18.94,95.6,26.1
BTU-172,2/17/2017 16:45,23.34,18.85,84.3,27.9
BTU-173,2/17/2017 16:40,22.65,18.95,94.9,25.9
BTU-174,2/17/2017 16:40,23.37,19.11,84.8,26.6
BTU-175,2/17/2017 16:35,22.44,18.95,96.1,24.6
BTU-176,2/17/2017 16:35,23.53,19.11,84.2,27.4
BTU-177,2/17/2017 16:30,22.91,19.5,97.7,24.5
BTU-178,2/17/2017 16:30,23.44,19.62,83.9,23.5
BTU-179,2/17/2017 16:25,22.77,18.94,99.9,28.2
BTU-180,2/17/2017 16:25,23.53,19.01,83,27.6
BTU-181,2/17/2017 16:20,22.73,19.54,95.6,22.5
BTU-182,2/17/2017 16:20,23.5,19.59,83.5,24
BTU-183,2/17/2017 16:15,--,--,--,--
BTU-184,2/17/2017 16:15,--,--,--,--
BTU-185,2/17/2017 16:10,22.65,19.58,95,21.5
BTU-186,2/17/2017 16:10,23.56,19.62,82.6,23.9
BTU-187,2/17/2017 16:05,22.69,19.09,93.1,24.7
BTU-188,2/17/2017 16:05,23.61,19.18,83.6,27.3
BTU-189,2/17/2017 16:00,22.6,20.19,91.7,16.2
BTU-190,2/17/2017 16:00,22.96,20.14,82.9,17.2
BTU-191,2/17/2017 15:55,22.01,19.42,131.3,25.1
BTU-192,2/17/2017 15:55,22.74,19.45,115.4,28
BTU-193,2/17/2017 15:50,22.52,18.94,100.4,26.5
BTU-194,2/17/2017 15:50,23.56,19.01,85.9,28.8
BTU-195,2/17/2017 15:45,22.9,19.65,96.5,23.1
BTU-196,2/17/2017 15:45,23.94,19.54,82.5,26.7
BTU-197,2/17/2017 15:40,--,--,--,--
BTU-198,2/17/2017 15:40,--,--,--,--
BTU-199,2/17/2017 15:35,22.28,21.01,99.5,9.3
BTU-200,2/17/2017 15:35,22.21,20.89,84.1,8.1
BTU-201,2/17/2017 15:30,21,17.27,100.7,27.7
BTU-202,2/17/2017 15:30,23.28,17.48,85.3,36.5
BTU-203,2/17/2017 15:25,22.84,19.75,120.9,27.5
BTU-204,2/17/2017 15:25,23.48,19.65,105.1,29.7
BTU-205,2/17/2017 15:20,23.27,19.4,105.9,30.2
BTU-206,2/17/2017 15:20,23.35,19.61,92.3,25.4
BTU-207,2/17/2017 15:15,22.16,18.9,104.8,25.2
BTU-208,2/17/2017 15:15,22.99,19.24,92.6,25.6
BTU-209,2/17/2017 15:10,22.34,19.39,99.4,21.6
BTU-210,2/17/2017 15:10,23.18,19.39,89.7,25
BTU-211,2/17/2017 15:05,22.32,19.53,111.3,22.9
BTU-212,2/17/2017 15:05,22.94,19.54,98.2,24.5
BTU-213,2/17/2017 15:00,22.08,19.2,110.9,23.4
BTU-214,2/17/2017 15:00,22.87,19.2,98.1,26.5
BTU-215,2/17/2017 14:55,22.04,19.04,110.3,24.4
BTU-216,2/17/2017 14:55,22.8,19.11,97.7,26.6
BTU-217,2/17/2017 14:50,21.85,19.15,134.2,26.7
BTU-218,2/17/2017 14:50,22.59,19.08,114.1,29.5
BTU-219,2/17/2017 14:45,21.81,19.14,131.7,25.9
BTU-220,2/17/2017 14:45,22.55,19.16,115.3,28.8
BTU-221,2/17/2017 14:40,21.69,19.08,130.9,25.2
BTU-222,2/17/2017 14:40,22.42,19.18,116.4,27.8
BTU-223,2/17/2017 14:35,22.06,18.57,101.1,26
BTU-224,2/17/2017 14:35,22.6,18.62,87.1,25.5
BTU-225,2/17/2017 14:30,21.87,17.95,100.6,29.1
BTU-226,2/17/2017 14:30,23.28,18.06,86.9,33.4
BTU-227,2/17/2017 14:25,22.76,19.51,107.6,25.8
BTU-228,2/17/2017 14:25,23.55,19.45,94.9,28.6
BTU-229,2/17/2017 14:20,23.49,19.26,98.7,30.8
BTU-230,2/17/2017 14:20,23.3,19.29,85.1,25.2
BTU-231,2/17/2017 14:15,22.31,18.84,97.5,24.9
BTU-232,2/17/2017 14:15,23.5,18.99,84.5,28.1
BTU-233,2/17/2017 14:10,23.16,19.66,94.2,24.3
BTU-234,2/17/2017 14:10,23.35,19.56,83.2,23.2
BTU-235,2/17/2017 14:05,21.16,19.67,97.5,10.7
BTU-236,2/17/2017 14:05,23.02,19.76,85.7,20.6
BTU-237,2/17/2017 14:00,21.64,19.16,127.9,23.4
BTU-238,2/17/2017 14:00,22.79,19.45,112.3,27.6
BTU-239,2/17/2017 13:55,22.91,18.99,96,27.7
BTU-240,2/17/2017 13:55,23.54,18.98,84.2,28.3
BTU-241,2/17/2017 13:50,22.93,19.56,96.1,23.9
BTU-242,2/17/2017 13:50,23.24,19.51,82.5,22.7
BTU-243,2/17/2017 13:45,21.98,19.59,99.3,17.5
BTU-244,2/17/2017 13:45,22.58,19.57,86,19
BTU-245,2/17/2017 13:40,21.53,19.11,134,23.9
BTU-246,2/17/2017 13:40,22.77,18.87,117.2,33.7
BTU-247,2/17/2017 13:35,22.64,18.49,101.3,31
BTU-248,2/17/2017 13:35,23.44,18.62,87.4,31.1
BTU-249,2/17/2017 13:30,22.65,19.62,103.8,23.2
BTU-250,2/17/2017 13:30,23.37,19.64,91.8,25.2
BTU-251,2/17/2017 13:25,22.67,19.2,105.1,26.9
BTU-252,2/17/2017 13:25,23.23,19.34,92,26.4
BTU-253,2/17/2017 13:20,22.4,19.2,105.6,24.9
BTU-254,2/17/2017 13:20,23.4,19.27,91.3,27.8
BTU-255,2/17/2017 13:15,22.6,19.58,107.4,23.9
BTU-256,2/17/2017 13:15,23.33,19.53,92.5,25.9
BTU-257,2/17/2017 13:10,23.02,19.14,105.1,30.1
BTU-258,2/17/2017 13:10,23.71,19.26,89.8,29.5
BTU-259,2/17/2017 13:05,22.53,20.33,101.6,16.4
BTU-260,2/17/2017 13:05,23.27,20.4,89.8,19
BTU-261,2/17/2017 13:00,22.46,19.33,101.8,23.5
BTU-262,2/17/2017 13:00,23.23,19.41,89,25
BTU-263,2/17/2017 12:55,22.58,19.4,102.7,24.1
BTU-264,2/17/2017 12:55,23.26,19.42,90.7,25.7
BTU-265,2/17/2017 12:50,22.62,19.45,106.4,24.8
BTU-266,2/17/2017 12:50,23.15,19.36,89.1,24.9
BTU-267,2/17/2017 12:45,22.22,19.44,102.6,21
BTU-268,2/17/2017 12:45,23.03,19.34,90,24.5
BTU-269,2/17/2017 12:40,22.5,19.36,102.7,23.8
BTU-270,2/17/2017 12:40,23.15,19.33,89.1,25.1
BTU-271,2/17/2017 12:35,22.29,19.25,103,23.1
BTU-272,2/17/2017 12:35,23.43,19.29,90,27.5
BTU-273,2/17/2017 12:30,23.06,19.81,101.2,24.2
BTU-274,2/17/2017 12:30,23.43,19.75,88.3,23.9
BTU-275,2/17/2017 12:25,22.23,19.81,104.4,18.6
BTU-276,2/17/2017 12:25,23.14,20,88.6,20.5
BTU-277,2/17/2017 12:20,22.11,19.04,103.2,23.2
BTU-278,2/17/2017 12:20,23.17,19.24,90.1,26.1
BTU-279,2/17/2017 12:15,22.84,18.86,102.6,30.1
BTU-280,2/17/2017 12:15,23.58,18.94,88.3,30.2
BTU-281,2/17/2017 12:10,23.04,19.82,101.8,24.1
BTU-282,2/17/2017 12:10,23.41,19.92,88.5,22.8
BTU-283,2/17/2017 12:05,22.32,19.9,107.4,19.1
BTU-284,2/17/2017 12:05,23,19.82,91,21.3
BTU-285,2/17/2017 12:00,22.18,19.19,103.1,22.7
BTU-286,2/17/2017 12:00,23.37,19.07,91.6,29
BTU-287,2/17/2017 11:55,23.05,19.33,101.9,28
BTU-288,2/17/2017 11:55,23.5,19.32,89.1,27.4
BTU-289,2/17/2017 11:50,22.81,20.04,101.6,20.6
BTU-290,2/17/2017 11:50,23.02,19.92,88.9,20.3
BTU-291,2/17/2017 11:45,22.13,18.99,100.7,23.3
BTU-292,2/17/2017 11:45,22.98,19.12,89.5,25.4
BTU-293,2/17/2017 11:40,22.31,19.12,101.8,23.8
BTU-294,2/17/2017 11:40,23.03,19.14,89.5,25.7
BTU-295,2/17/2017 11:35,22.07,18.89,103.3,24.2
BTU-296,2/17/2017 11:35,22.92,19.04,89.4,25.5
BTU-297,2/17/2017 11:30,22.2,18.99,102.1,24.1
BTU-298,2/17/2017 11:30,23.25,18.95,88.2,28
BTU-299,2/17/2017 11:25,22.43,19.31,101.5,23.3
BTU-300,2/17/2017 11:25,23.28,19.45,88.4,24.9
BTU-301,2/17/2017 11:20,22.44,19.4,103.4,23.1
BTU-302,2/17/2017 11:20,23.24,19.54,88.4,24.1
BTU-303,2/17/2017 11:15,22.44,19.43,101.9,22.6
BTU-304,2/17/2017 11:15,23.18,19.53,89.2,24
BTU-305,2/17/2017 11:10,22.5,19.4,100.6,23
BTU-306,2/17/2017 11:10,23.18,19.43,89.1,24.6
BTU-307,2/17/2017 11:05,22.56,19.62,100.3,21.6
BTU-308,2/17/2017 11:05,22.92,19.53,89.4,22.3
BTU-309,2/17/2017 11:00,22.31,19.21,127.1,28.9
BTU-310,2/17/2017 11:00,22.99,19.18,105.4,29.6
BTU-311,2/17/2017 10:55,22.21,19.15,97.2,21.9
BTU-312,2/17/2017 10:55,22.76,19.14,85.2,22.7
BTU-313,2/17/2017 10:50,21.84,18.87,109.8,24
BTU-314,2/17/2017 10:50,22.68,19.04,96,25.7
BTU-315,2/17/2017 10:45,21.78,18.78,110,24.3
BTU-316,2/17/2017 10:45,22.54,18.85,96.4,26.2
BTU-317,2/17/2017 10:40,21.68,18.68,110.9,24.5
BTU-318,2/17/2017 10:40,22.64,18.81,96.4,27.2
BTU-319,2/17/2017 10:35,21.92,18.77,110,25.5
BTU-320,2/17/2017 10:35,22.78,18.86,96.2,27.8
BTU-321,2/17/2017 10:30,22.39,19.08,110.4,26.9
BTU-322,2/17/2017 10:30,22.78,19.08,94.8,25.9
BTU-323,2/17/2017 10:25,21.79,19.06,106.5,21.4
BTU-324,2/17/2017 10:25,22.39,19.1,92.4,22.4
BTU-325,2/17/2017 10:20,21.61,19.02,127.6,24.3
BTU-326,2/17/2017 10:20,22.4,19.12,114,27.5
BTU-327,2/17/2017 10:15,21.76,19.15,121.3,23.3
BTU-328,2/17/2017 10:15,22.4,19.09,103,25.1
BTU-329,2/17/2017 10:10,21.74,19.03,131.9,26.3
BTU-330,2/17/2017 10:10,22.35,18.98,115.4,28.7
BTU-331,2/17/2017 10:05,21.63,18.73,118.2,25.3
BTU-332,2/17/2017 10:05,22.45,18.87,101,26.6
BTU-333,2/17/2017 10:00,21.67,18.74,112,24.2
BTU-334,2/17/2017 10:00,22.36,18.74,96,25.6
BTU-335,2/17/2017 9:55,21.58,18.6,108.2,23.8
BTU-336,2/17/2017 9:55,22.31,18.65,95.6,25.8
BTU-337,2/17/2017 9:50,21.59,18.56,112.4,25.1
BTU-338,2/17/2017 9:50,22.2,18.49,97.2,26.6
BTU-339,2/17/2017 9:45,21.43,18.31,109,25
BTU-340,2/17/2017 9:45,22.25,18.43,96.1,27.1
BTU-341,2/17/2017 9:40,21.55,18.36,111.7,26.2
BTU-342,2/17/2017 9:40,22.21,18.35,96,27.3
BTU-343,2/17/2017 9:35,21.32,18.25,113,25.5
BTU-344,2/17/2017 9:35,22,18.29,97.9,26.7
BTU-345,2/17/2017 9:30,21.44,18.4,112.1,25.1
BTU-346,2/17/2017 9:30,22,18.31,99.2,27
BTU-347,2/17/2017 9:25,21.29,18.21,115.6,26.2
BTU-348,2/17/2017 9:25,22.02,18.29,98.5,27.1
BTU-349,2/17/2017 9:20,21.36,18.24,113.5,26.1
BTU-350,2/17/2017 9:20,22.12,18.4,99.7,27.3
BTU-351,2/17/2017 9:15,21.55,18.44,117.1,26.8
BTU-352,2/17/2017 9:15,22.14,18.45,98.4,26.7
BTU-353,2/17/2017 9:10,21.58,18.51,112.5,25.5
BTU-354,2/17/2017 9:10,22.05,18.48,97.4,25.6
BTU-355,2/17/2017 9:05,21.39,18.31,115.6,26.2
BTU-356,2/17/2017 9:05,22.12,18.45,99.3,26.9
BTU-357,2/17/2017 9:00,21.33,18.25,114.9,26.1
BTU-358,2/17/2017 9:00,22.12,18.43,98.6,26.8
BTU-359,2/17/2017 8:55,21.29,18.27,112.9,25.1
BTU-360,2/17/2017 8:55,22.21,18.48,99,27.2
BTU-361,2/17/2017 8:50,21.56,18.5,114.1,25.7
BTU-362,2/17/2017 8:50,22.16,18.46,98.6,26.8
BTU-363,2/17/2017 8:45,21.38,18.32,115.5,26
BTU-364,2/17/2017 8:45,22.17,18.5,99.5,26.9
BTU-365,2/17/2017 8:40,21.39,18.35,110.3,24.7
BTU-366,2/17/2017 8:40,22.14,18.41,99.7,27.4
BTU-367,2/17/2017 8:35,21.55,18.53,113.3,25.2
BTU-368,2/17/2017 8:35,22.15,18.41,99.3,27.4
BTU-369,2/17/2017 8:30,21.42,18.37,112.5,25.3
BTU-370,2/17/2017 8:30,22.22,18.46,99,27.4
BTU-371,2/17/2017 8:25,21.42,18.36,114.4,25.8
BTU-372,2/17/2017 8:25,22.12,18.42,98.6,26.9
BTU-373,2/17/2017 8:20,21.5,18.42,113.6,25.8
BTU-374,2/17/2017 8:20,22.13,18.49,99.2,26.6
BTU-375,2/17/2017 8:15,21.55,18.45,115.8,26.4
BTU-376,2/17/2017 8:15,22.06,18.4,98.8,26.7
BTU-377,2/17/2017 8:10,21.31,18.31,113.2,25
BTU-378,2/17/2017 8:10,22.01,18.31,99.9,27.3
BTU-379,2/17/2017 8:05,21.44,18.39,115.1,25.9
BTU-380,2/17/2017 8:05,22.12,18.35,99,27.5
BTU-381,2/17/2017 8:00,21.3,18.18,117.9,27.1
BTU-382,2/17/2017 8:00,22.13,18.36,98.6,27.4
BTU-383,2/17/2017 7:55,21.58,18.42,110.9,25.8
BTU-384,2/17/2017 7:55,22.21,18.49,99.1,27.2
BTU-385,2/17/2017 7:50,21.34,18.27,113.3,25.6
BTU-386,2/17/2017 7:50,22.13,18.41,98.8,27.1
BTU-387,2/17/2017 7:45,21.3,18.25,113.3,25.5
BTU-388,2/17/2017 7:45,22.12,18.4,99.2,27.2
BTU-389,2/17/2017 7:40,21.43,18.34,114.3,26
BTU-390,2/17/2017 7:40,22.25,18.5,99,27.4
BTU-391,2/17/2017 7:35,21.61,18.49,114.9,26.4
BTU-392,2/17/2017 7:35,22.15,18.45,100,27.3
BTU-393,2/17/2017 7:30,21.47,18.45,113.9,25.3
BTU-394,2/17/2017 7:30,22.13,18.44,99.5,27.1
BTU-395,2/17/2017 7:25,21.39,18.37,113.9,25.3
BTU-396,2/17/2017 7:25,22.18,18.5,98.3,26.7
BTU-397,2/17/2017 7:20,21.29,18.25,115.4,25.9
BTU-398,2/17/2017 7:20,22.1,18.45,99,26.6
BTU-399,2/17/2017 7:15,21.44,18.42,113.7,25.3
BTU-400,2/17/2017 7:15,22.11,18.4,98.8,27
BTU-401,2/17/2017 7:10,21.5,18.42,113.7,25.8
BTU-402,2/17/2017 7:10,22.19,18.5,98,26.7
BTU-403,2/17/2017 7:05,21.47,18.42,112.8,25.3
BTU-404,2/17/2017 7:05,22.17,18.45,99.7,27.3
BTU-405,2/17/2017 7:00,21.43,18.42,115.7,25.7
BTU-406,2/17/2017 7:00,22.16,18.46,98.1,26.7
BTU-407,2/17/2017 6:55,21.47,18.43,114.8,25.7
BTU-408,2/17/2017 6:55,22.11,18.41,99.4,27.1
BTU-409,2/17/2017 6:50,21.49,18.45,113.3,25.3
BTU-410,2/17/2017 6:50,22.16,18.45,98.8,27
BTU-411,2/17/2017 6:45,21.37,18.34,116,25.9
BTU-412,2/17/2017 6:45,22.17,18.43,98.3,27.1
BTU-413,2/17/2017 6:40,21.53,18.53,114.4,25.3
BTU-414,2/17/2017 6:40,22.21,18.46,99,27.3
BTU-415,2/17/2017 6:35,21.61,18.51,113.1,25.8
BTU-416,2/17/2017 6:35,22.22,18.46,99,27.4
BTU-417,2/17/2017 6:30,21.45,18.4,116.3,26.1
BTU-418,2/17/2017 6:30,22.21,18.48,99.4,27.3
BTU-419,2/17/2017 6:25,21.55,18.54,114.7,25.4
BTU-420,2/17/2017 6:25,22.21,18.53,99.5,27
BTU-421,2/17/2017 6:20,21.38,18.39,114.6,25.2
BTU-422,2/17/2017 6:20,22.14,18.46,100.3,27.1
BTU-423,2/17/2017 6:15,21.48,18.44,111.3,24.9
BTU-424,2/17/2017 6:15,22.18,18.49,99.8,27.1
BTU-425,2/17/2017 6:10,21.34,18.34,114.2,25.2
BTU-426,2/17/2017 6:10,22.15,18.49,99.3,26.8
BTU-427,2/17/2017 6:05,21.53,18.51,113.1,25.2
BTU-428,2/17/2017 6:05,22.07,18.37,99.5,27.1
BTU-429,2/17/2017 6:00,21.26,18.26,112.3,24.8
BTU-430,2/17/2017 6:00,22.07,18.37,99.5,27.1
BTU-431,2/17/2017 5:55,21.43,18.34,114,26
BTU-432,2/17/2017 5:55,22.07,18.33,100.4,27.7
BTU-433,2/17/2017 5:50,21.34,18.25,114,26
BTU-434,2/17/2017 5:50,22.14,18.34,98.2,27.5
BTU-435,2/17/2017 5:45,21.36,18.35,112.2,24.9
BTU-436,2/17/2017 5:45,22.11,18.4,99.7,27.3
BTU-437,2/17/2017 5:40,21.29,18.29,113.5,25
BTU-438,2/17/2017 5:40,22.1,18.36,99.8,27.5
BTU-439,2/17/2017 5:35,21.4,18.37,110.6,24.7
BTU-440,2/17/2017 5:35,22.09,18.29,95.2,26.6
BTU-441,2/17/2017 5:30,21.37,18.33,115.4,25.9
BTU-442,2/17/2017 5:30,22.2,18.35,98.8,28
BTU-443,2/17/2017 5:25,21.48,18.25,108.2,25.8
BTU-444,2/17/2017 5:25,22.25,18.36,94.3,27
BTU-445,2/17/2017 5:20,21.52,18.27,106.3,25.5
BTU-446,2/17/2017 5:20,22.36,18.45,91.4,26.3
BTU-447,2/17/2017 5:15,21.63,18.53,107.7,24.6
BTU-448,2/17/2017 5:15,22.21,18.46,93.1,25.7
BTU-449,2/17/2017 5:10,21.44,18.4,114.4,25.6
BTU-450,2/17/2017 5:10,22.13,18.44,98.9,26.9
BTU-451,2/17/2017 5:05,21.32,18.32,115.6,25.5
BTU-452,2/17/2017 5:05,22.1,18.46,99.5,26.6
BTU-453,2/17/2017 5:00,21.33,18.37,114.4,24.8
BTU-454,2/17/2017 5:00,22.15,18.51,98.7,26.5
BTU-455,2/17/2017 4:55,21.32,18.35,112.6,24.6
BTU-456,2/17/2017 4:55,22.1,18.42,98.2,26.6
BTU-457,2/17/2017 4:50,21.29,18.32,118.2,25.9
BTU-458,2/17/2017 4:50,22.15,18.49,98.1,26.5
BTU-459,2/17/2017 4:45,21.35,18.37,114.9,25.2
BTU-460,2/17/2017 4:45,22.11,18.49,99.3,26.5
BTU-461,2/17/2017 4:40,21.33,18.36,113.6,24.9
BTU-462,2/17/2017 4:40,22.07,18.46,99.5,26.4
BTU-463,2/17/2017 4:35,21.44,18.48,115.1,25.1
BTU-464,2/17/2017 4:35,22.07,18.46,98.3,26.1
BTU-465,2/17/2017 4:30,21.35,18.45,112.6,24.1
BTU-466,2/17/2017 4:30,22.12,18.42,99.3,27.1
BTU-467,2/17/2017 4:25,21.3,18.33,113.1,24.8
BTU-468,2/17/2017 4:25,22.04,18.27,99.6,27.7
BTU-469,2/17/2017 4:20,21.35,18.34,114.2,25.3
BTU-470,2/17/2017 4:20,22.11,18.32,98.9,27.6
BTU-471,2/17/2017 4:15,21.3,18.17,113.6,26.2
BTU-472,2/17/2017 4:15,22.19,18.31,100.1,28.6
BTU-473,2/17/2017 4:10,21.71,18.45,103.3,24.7
BTU-474,2/17/2017 4:10,22.27,18.48,91.6,25.6
BTU-475,2/17/2017 4:05,21.32,18.35,106.4,23.3
BTU-476,2/17/2017 4:05,22.15,18.51,92.4,24.8
BTU-477,2/17/2017 4:00,21.43,18.45,110.6,24.2
BTU-478,2/17/2017 4:00,22.08,18.44,99.9,26.8
BTU-479,2/17/2017 3:55,21.37,18.4,114.6,25.1
BTU-480,2/17/2017 3:55,22.16,18.54,99.2,26.4
BTU-481,2/17/2017 3:50,21.55,18.6,114.2,24.8
BTU-482,2/17/2017 3:50,22.17,18.58,99.2,26.2
BTU-483,2/17/2017 3:45,21.44,18.54,114.1,24.4
BTU-484,2/17/2017 3:45,22.15,18.54,98.6,26.2
BTU-485,2/17/2017 3:40,21.51,18.54,113.4,24.8
BTU-486,2/17/2017 3:40,22.13,18.51,99.4,26.5
BTU-487,2/17/2017 3:35,21.58,18.59,116.8,25.7
BTU-488,2/17/2017 3:35,22.16,18.54,98.6,26.2
BTU-489,2/17/2017 3:30,21.51,18.54,116.1,25.3
BTU-490,2/17/2017 3:30,22.16,18.53,99.6,26.6
BTU-491,2/17/2017 3:25,21.51,18.48,112.9,25.2
BTU-492,2/17/2017 3:25,22.15,18.48,99.3,26.8
BTU-493,2/17/2017 3:20,21.24,18.45,115.7,23.7
BTU-494,2/17/2017 3:20,22,18.5,99,25.5
BTU-495,2/17/2017 3:15,21.41,18.45,124,27.1
BTU-496,2/17/2017 3:15,22.24,18.64,108.1,28.7
BTU-497,2/17/2017 3:10,21.5,18.4,110.4,25.2
BTU-498,2/17/2017 3:10,22.22,18.52,97.9,26.7
BTU-499,2/17/2017 3:05,21.43,18.41,112.9,25.1
BTU-500,2/17/2017 3:05,22.22,18.5,95.7,26.2
BTU-501,2/17/2017 3:00,21.57,18.36,97.1,22.9
BTU-502,2/17/2017 3:00,22.29,18.57,86.5,23.7
BTU-503,2/17/2017 2:55,21.47,18.42,109,24.5
BTU-504,2/17/2017 2:55,22.29,18.6,96.6,26.3
BTU-505,2/17/2017 2:50,21.68,18.62,109,24.6
BTU-506,2/17/2017 2:50,22.22,18.58,94.6,25.4
BTU-507,2/17/2017 2:45,21.75,18.67,110.2,25
BTU-508,2/17/2017 2:45,22.29,18.57,97,26.6
BTU-509,2/17/2017 2:40,21.69,18.48,109.9,26
BTU-510,2/17/2017 2:40,22.41,18.6,96.1,27
BTU-511,2/17/2017 2:35,21.83,18.78,111.2,25
BTU-512,2/17/2017 2:35,22.42,18.75,95.6,25.9
BTU-513,2/17/2017 2:30,21.73,18.69,108,24.2
BTU-514,2/17/2017 2:30,22.36,18.75,95.8,25.5
BTU-515,2/17/2017 2:25,21.91,18.85,113.3,25.5
BTU-516,2/17/2017 2:25,22.46,18.84,95.9,25.6
BTU-517,2/17/2017 2:20,21.65,18.67,111.2,24.4
BTU-518,2/17/2017 2:20,22.41,18.85,95.9,25.2
BTU-519,2/17/2017 2:15,21.88,18.84,114.6,25.7
BTU-520,2/17/2017 2:15,22.44,18.91,97.1,25.3
BTU-521,2/17/2017 2:10,21.79,18.82,110,24.1
BTU-522,2/17/2017 2:10,22.37,18.81,96.4,25.3
BTU-523,2/17/2017 2:05,21.88,18.91,109.9,24.1
BTU-524,2/17/2017 2:05,22.47,18.92,96.5,25.2
BTU-525,2/17/2017 2:00,21.88,18.93,112.5,24.5
BTU-526,2/17/2017 2:00,22.31,18.73,95.3,25.2
BTU-527,2/17/2017 1:55,21.68,18.7,113.4,24.8
BTU-528,2/17/2017 1:55,22.32,18.77,96.1,25.1
BTU-529,2/17/2017 1:50,21.47,18.41,111.5,25.1
BTU-530,2/17/2017 1:50,22.23,18.62,95.7,25.5
BTU-531,2/17/2017 1:45,21.48,18.44,109.2,24.5
BTU-532,2/17/2017 1:45,22.37,18.43,96.3,28
BTU-533,2/17/2017 1:40,21.79,18.49,112,27.2
BTU-534,2/17/2017 1:40,22.71,18.73,96.7,28.4
BTU-535,2/17/2017 1:35,22.07,18.87,99.4,23.4
BTU-536,2/17/2017 1:35,22.64,18.95,87.3,23.7
BTU-537,2/17/2017 1:30,21.76,18.87,101.2,21.5
BTU-538,2/17/2017 1:30,22.39,18.93,87.6,22.3
BTU-539,2/17/2017 1:25,21.63,18.76,110,23.2
BTU-540,2/17/2017 1:25,22.41,18.85,97,25.5
BTU-541,2/17/2017 1:20,21.74,18.67,111.7,25.3
BTU-542,2/17/2017 1:20,22.44,18.62,96.4,27.1
BTU-543,2/17/2017 1:15,21.9,18.74,110.1,25.6
BTU-544,2/17/2017 1:15,22.68,18.73,97.1,28.3
BTU-545,2/17/2017 1:10,22.08,18.7,111,27.6
BTU-546,2/17/2017 1:10,22.73,18.7,95.6,28.4
BTU-547,2/17/2017 1:05,21.58,18.46,103.2,23.6
BTU-548,2/17/2017 1:05,22.57,18.64,86.7,25.1
BTU-549,2/17/2017 1:00,21.81,18.6,111.8,26.4
BTU-550,2/17/2017 1:00,22.64,18.91,96.3,26.5
BTU-551,2/17/2017 0:55,22.11,18.76,105.2,26
BTU-552,2/17/2017 0:55,22.75,18.79,90.2,26.3
BTU-553,2/17/2017 0:50,21.74,18.66,105.1,23.8
BTU-554,2/17/2017 0:50,22.63,18.65,91.4,26.8
BTU-555,2/17/2017 0:45,22.03,18.9,110,25.4
BTU-556,2/17/2017 0:45,22.77,18.92,95.4,27.1
BTU-557,2/17/2017 0:40,22.16,18.91,103.6,24.8
BTU-558,2/17/2017 0:40,22.8,19.01,91.6,25.6
BTU-559,2/17/2017 0:35,21.65,18.66,104.6,23
BTU-560,2/17/2017 0:35,22.46,18.71,90.2,24.8
BTU-561,2/17/2017 0:30,21.68,18.59,112.6,25.6
BTU-562,2/17/2017 0:30,22.72,18.73,97.5,28.7
BTU-563,2/17/2017 0:25,22.02,18.76,108.8,26.1
BTU-564,2/17/2017 0:25,22.82,18.96,95.9,27.2
BTU-565,2/17/2017 0:20,22.17,18.95,104.1,24.7
BTU-566,2/17/2017 0:20,22.8,19.04,91.6,25.3
BTU-567,2/17/2017 0:15,21.73,18.75,106,23.3
BTU-568,2/17/2017 0:15,22.56,18.79,89.7,24.9
BTU-569,2/17/2017 0:10,21.91,18.81,108.2,24.7
BTU-570,2/17/2017 0:10,22.64,18.75,94.9,27.2
BTU-571,2/17/2017 0:05,22.1,18.79,112.4,27.4
BTU-572,2/17/2017 0:05,22.62,18.79,95.7,27
BTU-573,2/17/2017 0:00,21.97,18.79,111.2,26
BTU-574,2/17/2017 0:00,22.7,18.73,94.9,27.8
